{
    "global_map": 0.3019707500934601,
    "global_map_50": 0.5053322315216064,
    "global_map_75": 0.3030516803264618,
    "global_mar_1": 0.18375982344150543,
    "global_mar_10": 0.3512929677963257,
    "global_mar_100": 0.36528733372688293,
    "global_map_per_class": [
        0.3842841386795044,
        0.10398653894662857,
        0.024843409657478333,
        0.6947689056396484
    ],
    "jan_map": 0.3354915976524353,
    "jan_map_50": 0.571104884147644,
    "jan_map_75": 0.3465788662433624,
    "jan_mar_1": 0.14953993260860443,
    "jan_mar_10": 0.3537386655807495,
    "jan_mar_100": 0.3752175569534302,
    "jan_map_per_class": [
        0.47949090600013733,
        0.14627957344055176,
        0.05914264917373657,
        0.6570532917976379
    ],
    "feb_map": 0.36221060156822205,
    "feb_map_50": 0.609749436378479,
    "feb_map_75": 0.3475119173526764,
    "feb_mar_1": 0.21438667178153992,
    "feb_mar_10": 0.38739609718322754,
    "feb_mar_100": 0.40961724519729614,
    "feb_map_per_class": [
        0.4305291771888733,
        0.13645346462726593,
        0.10638398677110672,
        0.775475800037384
    ],
    "mar_map": 0.2958891689777374,
    "mar_map_50": 0.5205190181732178,
    "mar_map_75": 0.29492926597595215,
    "mar_mar_1": 0.19858337938785553,
    "mar_mar_10": 0.3351655900478363,
    "mar_mar_100": 0.344971239566803,
    "mar_map_per_class": [
        0.40761393308639526,
        0.08358559757471085,
        0.0747906044125557,
        0.6175665259361267
    ],
    "apr_map": 0.26919376850128174,
    "apr_map_50": 0.438169002532959,
    "apr_map_75": 0.2694229185581207,
    "apr_mar_1": 0.16092181205749512,
    "apr_mar_10": 0.3086148500442505,
    "apr_mar_100": 0.31779831647872925,
    "apr_map_per_class": [
        0.37294307351112366,
        0.043109357357025146,
        0.002600549254566431,
        0.6581221222877502
    ],
    "may_map": 0.32283177971839905,
    "may_map_50": 0.5985240936279297,
    "may_map_75": 0.2874815762042999,
    "may_mar_1": 0.20600518584251404,
    "may_mar_10": 0.3711217939853668,
    "may_mar_100": 0.38096362352371216,
    "may_map_per_class": [
        0.29082387685775757,
        0.18305078148841858,
        0.13843616843223572,
        0.6790162920951843
    ],
    "jun_map": 0.3282362222671509,
    "jun_map_50": 0.5384968519210815,
    "jun_map_75": 0.32626065611839294,
    "jun_mar_1": 0.21979597210884094,
    "jun_mar_10": 0.37340494990348816,
    "jun_mar_100": 0.38356226682662964,
    "jun_map_per_class": [
        0.35710808634757996,
        0.20907847583293915,
        0.004260750021785498,
        0.7424976229667664
    ],
    "jul_map": 0.27217432856559753,
    "jul_map_50": 0.4741051495075226,
    "jul_map_75": 0.2544286549091339,
    "jul_mar_1": 0.19459733366966248,
    "jul_mar_10": 0.316555917263031,
    "jul_mar_100": 0.3261373043060303,
    "jul_map_per_class": [
        0.31444060802459717,
        0.11370076984167099,
        0.05549284443259239,
        0.6050630211830139
    ],
    "aug_map": 0.31024959683418274,
    "aug_map_50": 0.4997411072254181,
    "aug_map_75": 0.31966808438301086,
    "aug_mar_1": 0.15916071832180023,
    "aug_mar_10": 0.3532164990901947,
    "aug_mar_100": 0.37192240357398987,
    "aug_map_per_class": [
        0.370353639125824,
        0.08113154768943787,
        0.001507131033577025,
        0.788006067276001
    ],
    "global_map_con": 0.11330262636775564,
    "global_map_bal": 0.4480767625019297
}