{
    "global_map": 0.3473862111568451,
    "global_map_50": 0.5581529140472412,
    "global_map_75": 0.3523290157318115,
    "global_mar_1": 0.2153090238571167,
    "global_mar_10": 0.3964214026927948,
    "global_mar_100": 0.40615758299827576,
    "global_map_per_class": [
        0.36074236035346985,
        0.13313065469264984,
        0.20718804001808167,
        0.6884838342666626
    ],
    "jan_map": 0.29594454169273376,
    "jan_map_50": 0.47496312856674194,
    "jan_map_75": 0.30738452076911926,
    "jan_mar_1": 0.14826469123363495,
    "jan_mar_10": 0.32057663798332214,
    "jan_mar_100": 0.3254973888397217,
    "jan_map_per_class": [
        0.4039532542228699,
        0.15940608084201813,
        0.0,
        0.6204187870025635
    ],
    "feb_map": 0.28981274366378784,
    "feb_map_50": 0.4541204273700714,
    "feb_map_75": 0.2982768416404724,
    "feb_mar_1": 0.15525810420513153,
    "feb_mar_10": 0.30918341875076294,
    "feb_mar_100": 0.3221609592437744,
    "feb_map_per_class": [
        0.3947027325630188,
        0.13031800091266632,
        0.0,
        0.6342302560806274
    ],
    "mar_map": 0.3055773973464966,
    "mar_map_50": 0.507760763168335,
    "mar_map_75": 0.3012576699256897,
    "mar_mar_1": 0.1819307804107666,
    "mar_mar_10": 0.3440287411212921,
    "mar_mar_100": 0.3500581681728363,
    "mar_map_per_class": [
        0.4163791239261627,
        0.12069854885339737,
        0.00026767654344439507,
        0.6849642395973206
    ],
    "apr_map": 0.34083229303359985,
    "apr_map_50": 0.5775727033615112,
    "apr_map_75": 0.337537556886673,
    "apr_mar_1": 0.20313644409179688,
    "apr_mar_10": 0.39691248536109924,
    "apr_mar_100": 0.40854719281196594,
    "apr_map_per_class": [
        0.36434200406074524,
        0.1331281214952469,
        0.13919305801391602,
        0.7266660332679749
    ],
    "may_map": 0.2663232684135437,
    "may_map_50": 0.42849069833755493,
    "may_map_75": 0.26693618297576904,
    "may_mar_1": 0.13999256491661072,
    "may_mar_10": 0.3037065267562866,
    "may_mar_100": 0.31101545691490173,
    "may_map_per_class": [
        0.27004626393318176,
        0.11255016177892685,
        0.00025758674019016325,
        0.6824390888214111
    ],
    "jun_map": 0.3777615427970886,
    "jun_map_50": 0.5986197590827942,
    "jun_map_75": 0.4131939709186554,
    "jun_mar_1": 0.25548723340034485,
    "jun_mar_10": 0.4237488806247711,
    "jun_mar_100": 0.4341626465320587,
    "jun_map_per_class": [
        0.2878904938697815,
        0.14272375404834747,
        0.3834720849990845,
        0.6969598531723022
    ],
    "jul_map": 0.38691017031669617,
    "jul_map_50": 0.6675365567207336,
    "jul_map_75": 0.342282235622406,
    "jul_mar_1": 0.21876218914985657,
    "jul_mar_10": 0.42364048957824707,
    "jul_mar_100": 0.43159282207489014,
    "jul_map_per_class": [
        0.3750035762786865,
        0.21618615090847015,
        -1.0,
        0.5695407390594482
    ],
    "aug_map": 0.4155348837375641,
    "aug_map_50": 0.6357068419456482,
    "aug_map_75": 0.40612441301345825,
    "aug_mar_1": 0.23979562520980835,
    "aug_mar_10": 0.44083696603775024,
    "aug_mar_100": 0.4542335867881775,
    "aug_map_per_class": [
        0.3914012312889099,
        0.14327257871627808,
        0.3742677867412567,
        0.7531978487968445
    ],
    "global_map_con": 0.16362144190571867,
    "global_map_bal": 0.4668271294469529
}