{
    "global_map": 0.3591465950012207,
    "global_map_50": 0.5827025771141052,
    "global_map_75": 0.3712882697582245,
    "global_mar_1": 0.22940102219581604,
    "global_mar_10": 0.4306756854057312,
    "global_mar_100": 0.44141602516174316,
    "global_map_per_class": [
        0.3883639872074127,
        0.13129745423793793,
        0.19807708263397217,
        0.7188478708267212
    ],
    "jan_map": 0.4393725097179413,
    "jan_map_50": 0.7303762435913086,
    "jan_map_75": 0.4413571059703827,
    "jan_mar_1": 0.22049324214458466,
    "jan_mar_10": 0.47745221853256226,
    "jan_mar_100": 0.4852088689804077,
    "jan_map_per_class": [
        0.4778711199760437,
        0.1764836460351944,
        -1.0,
        0.6637627482414246
    ],
    "feb_map": 0.35079193115234375,
    "feb_map_50": 0.5352253913879395,
    "feb_map_75": 0.36842045187950134,
    "feb_mar_1": 0.1870797574520111,
    "feb_mar_10": 0.3725495934486389,
    "feb_mar_100": 0.38707974553108215,
    "feb_map_per_class": [
        0.4486274719238281,
        0.1265556812286377,
        0.0,
        0.827984631061554
    ],
    "mar_map": 0.3110029995441437,
    "mar_map_50": 0.5279121994972229,
    "mar_map_75": 0.3008768856525421,
    "mar_mar_1": 0.1829003393650055,
    "mar_mar_10": 0.34598308801651,
    "mar_mar_100": 0.35208219289779663,
    "mar_map_per_class": [
        0.41862648725509644,
        0.14396756887435913,
        9.504950139671564e-05,
        0.6813228726387024
    ],
    "apr_map": 0.3339034914970398,
    "apr_map_50": 0.5471778512001038,
    "apr_map_75": 0.33027344942092896,
    "apr_mar_1": 0.21161483228206635,
    "apr_mar_10": 0.41690024733543396,
    "apr_mar_100": 0.4300398528575897,
    "apr_map_per_class": [
        0.37457597255706787,
        0.1190902590751648,
        0.12328440696001053,
        0.7186632752418518
    ],
    "may_map": 0.28618669509887695,
    "may_map_50": 0.46754997968673706,
    "may_map_75": 0.2808363437652588,
    "may_mar_1": 0.15336200594902039,
    "may_mar_10": 0.3287981152534485,
    "may_mar_100": 0.3374730050563812,
    "may_map_per_class": [
        0.31201475858688354,
        0.12239877879619598,
        0.02395043894648552,
        0.6863828301429749
    ],
    "jun_map": 0.39131343364715576,
    "jun_map_50": 0.6453807950019836,
    "jun_map_75": 0.44568097591400146,
    "jun_mar_1": 0.26628270745277405,
    "jun_mar_10": 0.4459783732891083,
    "jun_mar_100": 0.45777633786201477,
    "jun_map_per_class": [
        0.31228697299957275,
        0.15703843533992767,
        0.34974029660224915,
        0.7461880445480347
    ],
    "jul_map": 0.3904132544994354,
    "jul_map_50": 0.6684168577194214,
    "jul_map_75": 0.3532683551311493,
    "jul_mar_1": 0.21712805330753326,
    "jul_mar_10": 0.42638832330703735,
    "jul_mar_100": 0.4350832402706146,
    "jul_map_per_class": [
        0.3875758647918701,
        0.20327956974506378,
        -1.0,
        0.580384373664856
    ],
    "aug_map": 0.42244940996170044,
    "aug_map_50": 0.648232102394104,
    "aug_map_75": 0.4268188774585724,
    "aug_mar_1": 0.2394482046365738,
    "aug_mar_10": 0.4630901515483856,
    "aug_mar_100": 0.4767777621746063,
    "aug_map_per_class": [
        0.413135826587677,
        0.13010431826114655,
        0.37260133028030396,
        0.7739561200141907
    ],
    "global_map_con": 0.1495706265519274,
    "global_map_bal": 0.49554738756172567
}